kind,file_seq,title,published,extension,pages_or_sheets,member_rows,meeting_dates,candidate_rows,arithmetic_mismatches,identity_unresolved,sha256
"plenary","10001952","제438회국회(임시회) 본회의 출결현황","2026-08-31","xlsx","1","299","2","","0","0","e1659572ff5b1aa039a3457455cde4bc990b8e0795a49201aaba358f88b6d247"
"plenary","10001942","제437회국회(임시회) 본회의 출결현황","2026-07-31","xlsx","1","299","3","","0","0","72546237e8ca8f0dfe4999093fc05d3da44afc99b7a5905850675832a0ffa219"
"plenary","10001909","제436회국회(임시회) 본회의 출결현황","2026-07-04","xlsx","1","300","4","","1","0","9a729a157040cca5d7ff70459a76dfb7f8feb3e4e3f01e25dfcd25f028a5c8f3"
"plenary","10001882","제435회국회(임시회) 본회의 출결현황","2026-06-04","xlsx","1","286","2","","0","0","7b1ba665483c09daf9ce6171a76e542772deaa901de7d487e4c18835d95dd7c8"
"plenary","10001869","제434회국회(임시회) 본회의 출결현황","2026-04-28","xlsx","1","295","8","","0","0","9bf5ae696916d6aa9f9ccc27d49b2ac08c2b130dba424259b787734e356951f1"
"plenary","10001857","제433회국회(임시회) 본회의 출결현황","2026-04-03","xlsx","1","295","4","","0","0","8ced53fbd05abe3ad051a28616e22acf766277f0e2dd5f2c943f6a9817ddc708"
"plenary","10001831","제432회국회(임시회) 본회의 출결현황","2026-03-04","xlsx","1","296","8","","0","0","fde95017d120573967d079ab56906af325a83cfb75bd8cd4bbf9585b9f61b518"
"plenary","10001821","제431회국회(임시회) 본회의 출결현황","2026-02-02","xlsx","1","296","2","","0","0","950038d6b3ec8ecc0e3713876e5c52905893f266aa3ee1759d7f7a4975d06198"
"plenary","10001806","제430회국회(임시회) 본회의 출결현황","2026-01-09","xlsx","1","298","3","","0","0","9b2e6b0cce1d6a216d14bdad8f915c828059ad9fa1299fb259d3aaeaaf215b27"
"plenary","10001805","제429회국회(정기회) 본회의 출결현황(수정)","2025-12-10","xlsx","1","298","16","","0","0","4b5362c4bf63fff1ad06fa29c4491241e70ccd9a73367599f5edbaeca1493eef"
"plenary","10001763","제428회국회(임시회) 본회의 출결현황","2025-09-01","xlsx","1","298","3","","0","0","5a54eb5026f74fa80142c50a4f2a41993c1743535208ba8d90e94e2299e164d6"
"plenary","10001749","제427회국회(임시회) 본회의 출결현황","2025-08-07","xlsx","1","298","3","","0","0","c905fdddd9c1748332f569966d9e1a058f72c0c89021a2b8a76bffde809d7e4e"
"plenary","10001733","제426회국회(임시회) 본회의 출결현황","2025-07-07","xlsx","1","298","5","","0","0","3dc185abdb0ce31a8dadd4bbe24ec221bcbb8553837060bfbab02de14eaf3d2f"
"plenary","10001713","제424회국회(임시회) 본회의 출결현황","2025-05-07","xlsx","1","300","7","","0","0","068078e9f2282787c5f198c5aa9a36618f912adde2c459e4f9703d577b7162ca"
"plenary","10001697","제423회국회(임시회) 본회의 출결현황","2025-04-04","xlsx","1","300","4","","0","0","1580878fc6d2a9e324daf037c03b704e15b2b905c2119960e2a3c127143ff1fd"
"plenary","10001683","제422회국회(임시회) 본회의 출결현황","2025-03-04","xlsx","1","300","7","","0","0","60555b458ed2cd8316f6fc055c74c33eb8c7b1199504c37710ba05482646be53"
"plenary","10001665","제421회국회(임시회) 본회의 출결현황(수정)","2025-02-03","xlsx","1","300","2","","0","0","8c5b4f7ac75dde50832755ea068dd146f3c768e1dce952f35d595514633f5fe2"
"plenary","10001629","제420회국회(임시회) 본회의 출결현황","2025-01-16","xlsx","1","300","5","","0","0","02f2f4229ba8cc6b2912f58bcd7c77354be864637734800c51e7d3c7731af5dc"
"plenary","10001618","제418회국회(정기회) 본회의 출결현황","2024-12-18","xlsx","1","300","18","","0","0","87c651cb37fc4dab1270f73386442edf0705023d6c4be27176a7ecfcda11ad43"
"plenary","10001619","제419회국회(임시회) 본회의 출결현황","2024-12-18","xlsx","1","301","4","","0","0","b99066ec53acf96686e9dae8fcd7220f1320c036a7c2b4b9b810c009cca6ae18"
"plenary","10001566","제417회국회(임시회) 본회의 출결현황","2024-09-02","xlsx","1","300","2","","0","0","83fdff4b107d9d2caa0c28b8a6d525a2acde651a75595d48c7fae7650159b5f3"
"plenary","10001540","제416회국회(임시회) 본회의 출결현황","2024-08-05","xlsx","1","300","2","","0","0","70339b58eefb806b91048b1ace114a1fd3324af36340f0c6d275f537a9e1bca1"
"plenary","10001531","제415회국회(임시회) 본회의 출결현황","2024-07-08","xlsx","1","300","5","","0","0","bfa62c4c82b3e91b362e2d9d2822462fec615b50eb669c7f9bf419349bf839e1"
"standing","10001946","2026년도 8월 상임위원회 출결현황","2026-09-14","pdf","17","","","356","0","","444196601448f88668042df4191d14b600cbdb1fd9138f67b60e8e57d1ecd0db"
"special","10001947","2026년도 8월 특별위원회 출결 현황","2026-09-14","pdf","4","","","102","0","","de898af64c4e415d18b49b664ce54bc25ea9a77789d6037d81d1233591a8668c"
"standing","10001933","2026년도 7월 상임위원회 출결현황","2026-08-26","pdf","13","","","331","1","","0bb05e100f18be00f40dc62ad8915a3d23fe40e90a9d9da1f1e9f35d3c9589b6"
"special","10001934","2026년도 7월 특별위원회 출결현황","2026-08-26","pdf","3","","","103","0","","140d0dea2bf94ba02368c68e3e6df2db47dd81d87f4f030179ecb5486a7c8c15"
"special","10001913","2026년도 6월 특별위원회 출결현황","2026-07-13","pdf","3","","","52","0","","0a635da61db703e3015c4f67ad1fc22be77f33f73e1e311fcbc2188c1d741d48"
"standing","10001884","2026년도 5월 상임위원회 출결 현황","2026-06-11","pdf","12","","","237","0","","2babe7ee5f9b12a1bf89d13358d84242aed6a0d460509a2c4a441627712d82b7"
"standing","10001875","2026년도 4월 상임위원회 출결 현황","2026-05-15","pdf","15","","","307","0","","be213fd60fe4d61980f7f6cdeff69905a7913a69c9ccc3570ab94d4027c356ae"
"special","10001876","2026년도 4월 특별위원회 출결 현황","2026-05-15","pdf","4","","","109","0","","d9180cbfe77c8afda2536e233c7e4673aa33a5437cba83deb5cc7c3ecedd85a6"
"standing","10001855","2026년도 3월 상임위 출결 현황","2026-04-09","pdf","14","","","285","0","","7e863f6fed5ae1c27fa1227c30085f22358a4915c223c9c860b55424199d5d15"
"special","10001856","2026년도 3월 특위 출결 현황","2026-04-09","pdf","6","","","104","0","","ca5f1de76920b8a8b279ac543b66c7e531038c35b06385fc25af4e4e0d60b69e"
"standing","10001839","2026년도 2월 상임위 출결현황","2026-03-12","pdf","13","","","276","0","","25e4c7d3b44499244913a773b8f1e1d3651153232da3a09cfd65e34377121b78"
"special","10001840","2026년도 2월 특위 출결현황","2026-03-12","pdf","2","","","29","0","","d6c954564821f663604b4b23812b08034909fa8bb61c3c0ef47a5563a015be56"
"standing","10001826","2026년도 1월 상임위 출결현황","2026-02-12","pdf","7","","","161","0","","3ce11481d9486e8919e3813d43b5f6f1b0cf78bb69e9b8cc67ad4387693eabba"
"special","10001827","2026년도 1월 특위 출결현황","2026-02-12","pdf","2","","","37","0","","f0022d0d98b19e4614684544afc077c80fb287459228510515997ed0ba1c57f4"
"standing","10001811","2025년도 12월 상임위 출결현황","2026-01-19","pdf","12","","","271","0","","c94ec8ccea066336a8182a97785e836a7ed93cab91b779a193f029bd5bfad267"
"special","10001812","2025년도 12월 특위 출결현황","2026-01-19","pdf","6","","","97","0","","cd828c8ad872e41a69efe9652ffb0828dcafb2f14644e3636c8f309c41bb99c3"
"standing","10001801","2025년도 11월 상임위 출결현황","2025-12-11","pdf","17","","","354","0","","f0394b0d858737347b601fb8cd098c4ea53d7551fb73690c566fc1cdb8f03310"
"special","10001800","2025년도 11월 특위 출결현황","2025-12-11","pdf","2","","","70","0","","8dbb85054be1122331bd68f9a07a621b6179f59891561f27d2f70a911f5a66ac"
"standing","10001791","2025년도 10월 상임위 출결현황","2025-11-14","pdf","17","","","354","0","","a57655b72d3d8e4c1d493d4fd8f397a5dc85b60d6303ec314669281d10697f6e"
"standing","10001780","2025년도 9월 상임위 출결현황","2025-10-16","pdf","17","","","355","0","","9999b2baad1975c584d353d23db7226879d89868c23e52ae7e6a1ef3445136f8"
"special","10001781","2025년도 9월 특위 출결현황","2025-10-16","pdf","5","","","114","0","","75597313ddfadf8ca7e72043c2ff137a6ca8eb31fdb79bb2b4e0a2c69ba3fa3e"
"standing","10001772","2025년도 8월 상임위 출결현황","2025-09-15","pdf","14","","","300","0","","1ff42813d58b23c2b667ee9688cac74261ee37be76c09eb1a816e742f5b5f0cd"
"special","10001773","2025년도 8월 특위 출결현황","2025-09-15","pdf","4","","","100","0","","fe39785726b46af720a958f425721db637c67c50e3dfb04efc3c6e2a7ddd36e6"
"special","10001771","2025년도 7월 특위 출결현황","2025-09-12","pdf","3","","","76","0","","8739ef5614b34dec2d74ba88476ef9ac0d03e9265d2a5c316e9b30fde677ea79"
"standing","10001770","2025년도 7월 상임위 출결현황","2025-09-12","pdf","16","","","345","1","","2c851abcaad76a23a4aea373502fada17ecf8001b1d915ff8f03bc65c6b95e2b"
"special","10001735","2025년도 6월 특위 출결현황","2025-07-08","pdf","4","","","94","0","","f54ec616aa1a9a93a6f99c5f78400db5b04746474b819cad15906317ec43b711"
"standing","10001734","2025년도 6월 상임위 출결현황","2025-07-08","pdf","14","","","284","0","","5a1372b93e18abbf998d05743a1479be9a880d02aa5f6ef5dfbd4561adcfe396"
"standing","10001723","2025년도 5월 상임위 출결현황","2025-06-13","pdf","3","","","60","0","","3479ed6bad785b4657993f96a709a8156196de7db685ac1e61008d07c8222afe"
"special","10001724","2025년도 5월 특위 출결현황","2025-06-13","pdf","2","","","63","0","","874712d2029b2ea0e1f418b019935cc9bfb7df052cc280faebae6b1e31dd8c46"
"standing","10001715","2025년도 4월 상임위 출결현황","2025-05-12","pdf","12","","","271","0","","92fc84a5b4333d1ba995a4969795a4b5cd2ae77449fc3f0560a85dc564e48cae"
"special","10001716","2025년도 4월 특위 출결현황","2025-05-12","pdf","5","","","116","0","","e2499234ccad5b699e0f30f626c88445b3766f7dadcc61ed38362e21041f7cfd"
"standing","10001698","2025년도 3월 상임위 출결현황","2025-04-07","pdf","11","","","239","0","","aa2516bdf33587d7999033b0f831097ac204843ebe2b9fb0461f761126fe8351"
"special","10001699","2025년도 3월 특위 출결현황","2025-04-07","pdf","1","","","15","0","","d433a4e8d3f8ece99fa2826cd2b2c9885c782a10eb552520089d73e35301e38f"
"standing","10001690","2025년도 2월 상임위 출결현황","2025-03-25","pdf","16","","","344","0","","0f311371c30e1935f78057d0efddcedad5b1501acac10b274791009547b913b6"
"special","10001691","2025년도 2월 특위 출결현황","2025-03-25","pdf","2","","","33","1","","b0b5d3f26060d4193b4f34fc2f445f83ba23807df51a8a40bbece6fde8d1e320"
"special","10001678","2025년도 1월 중 특위 출결현황","2025-02-25","pdf","2","","","34","0","","4d4fcb8b5b3c30c1f72b361b15cb2cbeb0a48f44f5b7efd4d2e3fd6df6ff4787"
"standing","10001677","2025년도 1월 중 상임위 출결현황","2025-02-25","pdf","11","","","222","0","","33eedf3d976391afb6906511ddae2e025ac8f183d55a856419ac17f67708db81"
"standing","10001634","2024년도 12월 중 상임위 출결현황","2025-01-17","pdf","16","","","345","0","","381aa9a684e494cf15f138bd4c61be2130ec0f83e917c60d3b71e07e7d5199b3"
"special","10001635","2024년도 12월 중 특위 출결현황","2025-01-17","pdf","3","","","44","0","","c83da76ca62dea2d7f70d42eb077b1f2705ceb6ac1fd84cc5a4584b61c16ce60"
"special","10001613","2024년도 11월 중 특위 출결현황(11.12. 수정)","2024-12-05","pdf","1","","","51","0","","79c3fa17ccce3ed4f83d93f89031a378f683c6088902c0fdc04b2c7e458903e0"
"standing","10001614","2024년도 11월 중 상임위 출결현황","2024-12-05","pdf","17","","","357","0","","7eb46b68f7a3f7d1cdfe48827695ee9bdca47317abf57486deef19fc9cc9db12"
"standing","10001602","2024년도 10월 중 상임위 출결현황","2024-11-13","pdf","15","","","327","1","","e4c7e572aa668d2eb58a62f03e64481d25a6eaf2ccdbf7bb9651b405ccfae8e8"
"special","10001603","2024년도 10월 중 특위 출결현황","2024-11-13","pdf","1","","","50","0","","1e091b34f6647f95654da0043504f6ce66596f64350fb31fc309e64be38aa594"
"standing","10001586","2024년도 9월 중 상임위 출결현황","2024-10-11","pdf","17","","","357","0","","26ab6d16f77694695797d26744a320f8bee8a7586afadb9f881f0262a502bbdc"
"special","10001587","2024년도 9월 중 특위 출결현황 수정","2024-10-11","pdf","1","","","50","0","","4ce79a592b173fc51d7b69abd27b2284d906d44cf2fd4bbbd32225210845cfdc"
"standing","10001584","2024년도 8월 중 상임위 출결현황","2024-10-04","pdf","17","","","358","0","","1c53b823274c9fc3875f743bbdb47961f65d9411455fd721933d208952f78631"
"special","10001579","2024년도 8월 중 특위 출결현황","2024-09-30","pdf","2","","","63","0","","a6a8b4e68e32bc6eb9371eb04ddff3739767162307a2f703ab54eb057b1b25d1"
"special","10001575","2024년도 7월 중 특위 출결현황","2024-09-27","pdf","1","","","13","0","","8c3d18aac11910109790d256f08f5472efe7b8c1c1feee9157226eab94f73fb3"
"standing","10001574","2024년도 7월 중 상임위 출결현황","2024-09-27","pdf","16","","","339","0","","af29fd064ef440324863b4f38ed265d833bab4a814c98de89b31296372d37c4c"
"standing","10001532","2024년도 6월 상임위 출결현황","2024-07-01","pdf","10","","","231","0","","1ddb360bb54eee33aa3c4f4bf64c98c5cc5d099abedb8c351196f29da633efc4"
